id,company
com1,Katmai
com2,Tetra Tech
com3,SciTec
com4,Booz Allen Hamilton
com5,Express Employment Professionals
com6,American Express
com7,Cloud Big Data
com8,CyberCoders
com9,Zachary Piper Solutions
com10,Motion Recruitment
com11,Michael Page
com12,Xfinity
com13,Pearson
com14,Vaco
com15,CGI
com16,The Travelers
com17,JPMorgan Chase
com18,Capital One
com19,Array - The Future of Workforce
com20,W.M Keck Observatory
com21,Principal Financial
com22,Logic20/20
com23,Palo Alto Networks
com24,Angi
com25,University of Kentucky
com26,Lantech
com27,Louisville-Jefferson County Metro Government
com28,HNTB
com29,Vulnerability Research Labs
com30,University of Maine System
com31,University of Maine
com32,Stout Systems Development
com33,Conexess
com34,Molex
com35,Siri InfoSolutions
com36,Talent Staffing Services
com37,U.S. Bank
com38,Trane Technologies
com39,Lockheed Martin
com40,UnitedHealth Group
com41,Continental Disc Corporation
com42,"SignalWire, Inc"
com43,Ryder
com44,Leidos
com45,General Dynamics
com46,Circadence Corporation
com47,Robinhood
com48,University of Montana
com49,Montana State Government
com50,Strategic Staffing Solutions
com51,Liberty Personnel Services
com52,Sira Consulting
com53,GPAC
com54,Bartech Staffing
com55,Nelnet
com56,Charles Schwab
com57,University of Nebraska Medical Center
com58,Ortho Clinical Diagnostics
com59,Eclaro
com60,Career Developers
com61,"Volt Labs, Inc"
com62,Inceed
com63,Mavensoft Technologies
com64,Black Hills Energy
com65,nan
com66,IT Pros
com67,Citigroup
com68,ConsultNet
com69,Peraton
com70,State of Vermont
com71,Benchmark Space Systems
com72,ManTech
com73,Google
com74,CORE Consulting
com75,State of Wyoming
com76,BAE Systems
com77,Harnham
com78,Southern Water
com79,Reqiva
com80,Enterprise Recruitment
com81,Spectrum IT
com82,iO Associates
com83,CK Group
com84,Qualiteach
com85,KO2 Recruitment
com86,CBSbutler
com87,Cancer Research UK
com88,Lorien
com89,Corriculo
com90,Rise Technical Recruitment
com91,Acapella Recruitment
com92,Association of Colleges
com93,Matchtech Group
com94,Spinks
com95,Anson McCade
com96,Opus Recruitment Solutions
com97,Raytheon Technologies
com98,Pension Protection Fund
com99,AECOM
com100,Intuita Consulting Ltd
com101,InterQuest Group
com102,Robert Half
com103,Talent Cluster Jobs
com104,Oscar Technology
com105,Advanced Resource Managers
com106,Advantage Resourcing
com107,Morson Talent
com108,Qualitair
com109,Computer Futures
com110,MBDA Systems
com111,Yolk Recruitment
com112,Morson Group
com113,Randstad
com114,Xpertise Recruitment
com115,Recruitment Genius
com116,Mo-Sys Engineering Ltd
com117,Transport for London
com118,Bupa
com119,Study Group
com120,MFK Recruitment
com121,Serco
com122,FIG People
com123,Cambridge Epigenetix
com124,Zen
com125,Chroma Recruitment
com126,Bennett & Game Recruitment
com127,QA Apprenticeships
com128,Redline Group
com129,United Kingdom Atomic Energy Authority (UKAEA)
com130,The National Archives
com131,Gainwell Technologies
com132,Alaska Native Tribal Health Consortium
com133,ServiceTitan
com134,Girls Scouts - Arizona Cactus Pine Council
com135,Jones Lang LaSalle
com136,Manpower
com137,Commnet Broadband
com138,State of Colorado
com139,Nordstrom
com140,Spry Squared
com141,RMI
com142,Cigna
com143,NBCUniversal
com144,Sarasota County Government
com145,Modis
com146,City and County of Honolulu
com147,DART
com148,State of Iowa
com149,State of Idaho
com150,Sears
com151,Malone Staffing Solutions
com152,State of Indiana
com153,Securitas
com154,Adecco
com155,Top Gun Staffing
com156,Conduent
com157,Liberty Mutual Insurance
com158,Takeda
com159,National Grid
com160,MaineHealth
com161,Farm Bureau Mutual Insurance Company of Michigan
com162,State of Missouri
com163,"BizzyCar, Inc."
com164,UPMC
com165,Billings Clinic
com166,Thrivas Staffing Agency
com167,Compass Group
com168,Lincoln Financial Group
com169,Ameritas Life Insurance
com170,Dartmouth College
com171,Everlight Solar
com172,Los Alamos National Laboratory
com173,American Homes 4 Rent
com174,City of Henderson
com175,Pulse Data
com176,Checker Distributors
com177,State of Oklahoma
com178,Cherokee Nation
com179,ESR
com180,BNY Mellon
com181,NRG Consulting Group
com182,Washington State Opportunity Scholarship
com183,Boeing
com184,T-Mobile
com185,Sound Transit
com186,NW Staffing Resources
com187,NTT Data
com188,Inconen
com189,University of Wisconsin System
com190,West Virginia
com191,Chadwick Nott
com192,Venn Group
com193,Meridian Business Support
com194,Pertemps
com195,SER Limited
com196,First Contact Chefs
com197,Page Personnel
com198,Impression Recruitment
com199,Ian Williams
com200,CMD Recruitment
com201,Sanctuary Personnel
com202,West Sussex County Council
com203,The JM Longbridge Group
com204,Smartest Energy
com205,C2 Recruitment
com206,ATP Recruitment
com207,Samworth Brothers
com208,Elevation Recruitment
com209,Alliance Automotive Group
com210,Three
com211,Talent Finder
com212,Berry Recruitment
com213,Birmingham City Council
com214,Brook Street
com215,Gradfuel
com216,Gold Care Homes
com217,Lawsons
com218,Peabody
com219,Rentokil Initial
com220,Flat Fee Recruiter
com221,London Borough of Redbridge
com222,The ECT Partnership
com223,David Lloyd
com224,Morgan Sindall Property Services
com225,London Borough of Waltham Forest
com226,South Yorkshire Police
com227,IMH Recruitment
com228,Owen Payne
com229,Wokingham Borough Council
com230,REL Field Marketing
com231,Superdrug
com232,High Talent
com233,Rayner Personnel
com234,Tate Recruitment
com235,The Recruitment Group
com236,Oxfordshire County Council
com237,Kelly Services
com238,Essex County Council
com239,Klein Hamilton Recruitment
com240,Office Angels
com241,Biffa
com242,Network Rail
com243,Lidl
com244,Automation Experts
com245,MorePeople
com246,Sodexo
com247,Anne Corder Recruitment
com248,Cheshire Constabulary
com249,KPI Recruiting
com250,global personnel group
com251,Cheshire West and Chester Council
com252,PRS Recruitment Services
com253,Wayman Finance
com254,turn IT on
com255,Northrop Grumman
com256,Eligo Recruitment
com257,Forrest Recruitment
com258,Pets at Home
com259,Sellick Partnership
com260,London Borough of Ealing
com261,Kenton Black
com262,E.ON
com263,Rapier Employment
com264,Ideal Recruit
com265,Teaching Personnel
com266,Challenge-trg Group
com267,Colbern Limited
com268,Community Integrated Care
com269,Aspion
com270,Resourcery Group
com271,Premiere People
com272,Advocate Group
com273,Gi Group
com274,Halton Borough Council
com275,Ironmongery
com276,Mitie
com277,Domus Recruitment
com278,Jonathan Lee Recruitment
com279,Leonardo
com280,Worth Recruiting
com281,VetFinders
com282,Protocol Education
com283,GSL Education
com284,Carrington West
com285,Riverside Resourcing & Consultancy
com286,Proman
com287,City Centre Recruitment
com288,Bond Williams
com289,OCS
com290,Ernest Gordon Recruitment
com291,South West Recruitment
com292,Cornucopia IT Resourcing
com293,Lloyd Recruitment
com294,Carbase
com295,LiveWest
com296,Core3 Group Ltd
com297,North Somerset Council
com298,Russell Taylor Group
com299,Susan Hamilton Group
com300,Hamilton Mayday
com301,Surrey County Council
com302,Free2Learn
com303,TXM Recruit
com304,Preston Recruitment
com305,HeliosX
com306,Tower Hamlets Homes
com307,Jackie Kerr
com308,Bell Cornwall Recruitment
com309,National Express
com310,Career Teachers
com311,Cavendish Professionals
com312,Spinwell Global
com313,Hobson Prior
com314,Catch22
com315,Smart10
com316,Crooton
com317,Environment Agency
com318,Weatherbys Banking Group
com319,Macildowie
com320,Cummins
com321,Travail Employment Group
com322,Greatwell Homes
com323,The Best Connection
com324,Vision for Education
com325,Thames Water
com326,Action for Children
com327,MRK Associates
com328,Zachary Daniels
com329,Brand Recruitment
com330,BRE Group
com331,Gleeson Recruitment Group
com332,Wild Recruitment
com333,SSE
com334,Workshop Recruitment
com335,Brellis Recruitment
com336,Blue Arrow
com337,Scantec Personnel
com338,Humres Technical Recruitment
com339,Bluetownonline
com340,Talent Hive
com341,LSL Property Services
com342,Butler Rose
com343,Sanctuary Group
com344,AWD online
com345,Major Recruitment
com346,mydentist
com347,University of Essex
com348,TalentSpa
com349,Satis Education
com350,Seven Resourcing
com351,Carbon60
com352,NRG
com353,Sutton Council
com354,Driving Force
com355,Douglas Scott
com356,Wharton Primary
com357,Bridgewater Primary
com358,Ellenbrook Primary
com359,Mossfield Primary
com360,the Best Jobs
com361,Jobwise
com362,Grosvenor Road Primary
com363,Lewis Street Primary
com364,London Borough of Hillingdon
com365,Canon
com366,1st Step Solutions
com367,"Moorfield Primary, Irlam"
com368,Springwood Primary
com369,Irlam Endowed Primary
com370,RSD Recruitment
com371,Trafford Council
com372,Orridge
com373,Stretford High
com374,Change Grow Live
com375,Croydon Council
com376,Reeson Education
com377,IPS Group
com378,Eden Brown Synergy
com379,Capita
com380,Resourcing Solutions
com381,TPF Recruitment
com382,SYK Recruitment
com383,Vodafone
com384,Little Hulton Surestart Centre
com385,"Peel Hall Primary, Little Hulton"
com386,Four Recruitment
com387,Cornwall Council
com388,MPI Recruitment
com389,Unlocking Potential
com390,British Medical Journal
com391,Acorn Recruitment
com392,Apetito
com393,Novuna
com394,Clear Engineering Recruitment
com395,Green Park Interim & Executive
com396,Morgan McKinley
com397,Vitae Financial Recruitment
com398,Ashley Kate HR & Finance
com399,Jems Recruitment
com400,Daniel Owen
com401,Serve Talent
com402,Hawk 3 Talent Solutions
com403,Cameron Clarke Associates
com404,Simon Acres Group
com405,Service Care Solutions
com406,Hales Group
com407,Baxter
com408,Willow HR
com409,First Choice Recruitment
com410,Re Resource Group
com411,Proftech Talent
com412,Staffing Lab
com413,Manucomm Recruitment
com414,Corps Security
com415,DHL
com416,Coburg Banks
com417,Bristan Group
com418,Rullion
com419,Marlowe Fire & Security
com420,CP Management Solutions
com421,Leigh Academies Trust
com422,Glue Resourcing
com423,Harvey Beric Associates
com424,Express Recruitment
com425,GCB Agency Recruitment
com426,Socotec
com427,Culture Recruitment
com428,Mencap
com429,Connex Education
com430,McGinley Support Services
com431,Pulse Jobs
com432,Penns Personnel
com433,Spire Healthcare
com434,Dignity Funerals
com435,London Borough of Hounslow
com436,Parkside Recruitment
com437,Anderson Recruitment
com438,Lilium Direct
com439,Truly Tailored Recruitment
com440,Allen Lane
com441,Stroud District Council
com442,Recruitment Solutions (Folkestone)
com443,Merje
com444,TeacherActive
com445,Newton Blue
com446,Allen & York
com447,Avery Healthcare
com448,Recruiterwise
com449,Pure Resourcing Solutions
com450,Staffordshire University
com451,Johnson Matthey
com452,UK Biobank
com453,Adria Solutions
com454,Stockport Council
com455,Stockport School
com456,Together
com457,Adam Recruitment
com458,Milk Education
com459,Hertfordshire County Council
com460,Executive Network Group
com461,University of Greenwich
com462,Derbyshire County Council
com463,Joseph Gallagher
com464,Calor Gas
com465,Interaction Recruitment
com466,Mana Resourcing
com467,Protocol
com468,Industria Personnel Services
com469,Tameside Council
com470,RSK Group
com471,People First
com472,eRecruitSmart
com473,Zonal Retail Data Systems
com474,ERS Medical
com475,Caterpillar
com476,Livin Housing
com477,Durham County Council
com478,AMR Group
com479,FirstPort
com480,Gousto
com481,Marks Sattin
com482,Carpetright
com483,One to One Personnel
com484,Ventrica
com485,Pyramid8
com486,Marc Daniels
com487,Morrison Data Services
com488,KC Group
com489,Barker Ross
com490,The Sterling Choice
com491,Spencer Clarke Group
com492,PepsiCo
com493,Acis Group
com494,Micronclean
com495,Optivo
com496,Prince Personnel
com497,Kier Group
com498,Linsco
com499,Brighton & Hove City Council
com500,Brighton & Hove
com501,Sewell Wallis
com502,Stafforce
com503,Nicholas Associates Group
com504,E3 Recruitment
com505,UK Power Networks
com506,One to One Recruitment
com507,Synergy Personnel Services
com508,Greencore
com509,Drax
com510,Compass Associates
com511,Domino's Pizza
com512,Morgan Ryder
com513,Cubed Resourcing
com514,Skilled Careers
com515,DN Colleges Group
com516,GFG
com517,North Lindsey College
com518,Isle of Wight Council
com519,Trafford Housing Trust
com520,Best Buy
com521,TBC Corporation
com522,Stivers
com523,St Helens Chamber
com524,McCarthy Recruitment
com525,St Helens Borough Council
com526,Rocksteady Music School
com527,Canadian Consumer Panels
com528,Newstaff Employment Services
com529,ACS Performance
com530,English Country Gardeners
com531,HR GO
com532,Methodist Homes
com533,Culina Group
com534,Warrens
com535,MAK Jobs
com536,The Air Ambulance Service
com537,The Guinness Partnership
com538,Rochdale Council
com539,Erin Associates
com540,Oldham Council
com541,Mpeople Recruitment
com542,Morgan Hunt
com543,Prima Ardelle Associates
com544,Recruitment Revolution
com545,Nicholas Associates
com546,Voluntary Action Rotherham
com547,Brewster Partners
com548,Liberty Steel Group
com549,4Recruitment Services
com550,Turning Point
com551,The Growth Company
com552,Maxxima
com553,TalentYard
com554,"All Saints CE Primary, Rochdale"
com555,Talk Staff
com556,Round Peg Solutions
com557,Edwards & Pearce
com558,Trivallis
com559,University of South Wales
com560,Publicis Groupe
com561,Epsilon
com562,Nasdaq
com563,CACI International
com564,Pathways
com565,Avalon Carver
com566,J.B. Hunt
com567,HRU
com568,Montana State University
com569,QBE Insurance
com570,State of Nebraska
com571,S&P Global
com572,KeyLogic Systems
com573,J Harlan Group
com574,iCST
com575,Elite
com576,Erie Insurance
com577,Tekishub Consulting Services
com578,ProSidian
com579,Strategic Employment
com580,SAIC
com581,Publicis Sapient
com582,M9 Solutions
com583,Fluency Inc.
com584,Enterprise Rent-A-Car
com585,Stratospherec
com586,Deskpro
com587,Austin Fraser
com588,Salt Search
com589,Go-To Outsourcing
com590,Lewis Paige
com591,McGregor Boyall Associates
com592,La Fosse Associates
com593,JAM Recruitment
com594,ShortList Recruitment
com595,Gold Group
com596,Wagstaff Recruitment
com597,Miller Maxwell
com598,Syntax Consultancy
com599,Consult Red
com600,MCS Group
com601,Jonesboro
com602,Boom
com603,We Work Remotely
com604,Creative Alignments
com605,Syncroness
com606,Evolve Vacation Rental
com607,Ent Credit Union
com608,"390 Evernorth Enterprise Svcs, Inc."
com609,Advastar
com610,Plantbid
com611,Susco
com612,First Help Financial
com613,Huxley
com614,Facet Wealth
com615,Ripple Effect
com616,Criteo
com617,Publicis Collective
com618,NANOSOFT CONSULTING TALENT PAGE
com619,City of Billings
com620,SnapX
com621,Colgate-Palmolive
com622,PhillyTech
com623,Feedonomics
com624,"Zunch Communications, Inc."
com625,Friendemic LLC
com626,ICF International
com627,Genesis10
com628,E-Resourcing
com629,Better Placed
com630,Janes
com631,Zebra People
com632,Tempting Ventures
com633,4 Corner Resources
com634,Xactly
com635,Motorola Solutions
com636,The Trade Desk
com637,The Hartford
com638,J. J. Keller and Associates
com639,"J. J. Keller & Associates, Inc."
com640,"Sedorh Careers, partnered with TEEMA"
com641,Intelletec
com642,Net2Source
com643,FedEx
com644,Toohla Inc.
com645,Mr. Handyman
com646,Hirewho
com647,Till Financial
com648,"Prodigy One, LLC"
com649,Applied Research Associates
com650,Nokia
com651,Workbox Staffing
com652,S&K Gaming LLC
com653,Wake County Government
com654,Mindera
com655,HireMilitary
com656,Boll & Branch
com657,Sightline Payments
com658,Emet Digital
com659,Averity
com660,Customer IO
com661,Urban League
com662,State of South Carolina
com663,IntelliPro Group
com664,Thrift Giant
com665,Camden Kelly
com666,Limble
com667,Tomorrow Recruitment
com668,The Recruitment Web
com669,Networkers
com670,Deerfoot IT Resources
com671,Codeweavers
com672,Post Consumer Brands
com673,Virta Health
com674,MMI Industrial & Steel
com675,City of Glendale
com676,Workday
com677,ClientSolv Technologies
com678,IHS Markit
com679,National Renewable Energy Laboratory
com680,Criterion Systems
com681,Credera
com682,ePac Flexible Packaging
com683,PPG Industries
com684,ADP
com685,Syngenta
com686,VistaJet
com687,Nike
com688,Four Seasons
com689,WestRock
com690,GardaWorld
com691,Clearwater Paper
com692,Woodgrain
com693,Ivy Tech Solutions
com694,Tradesmen International
com695,Walmart
com696,Next Level Performers
com697,Coca-Cola
com698,Dynamic Workforce Solutions
com699,Metabolic
com700,Land O'Lakes
com701,Kestra Medical Technologies
com702,Portland Museum of Art
com703,General Motors
com704,Haworth
com705,American Axle & Manufacturing
com706,Calabrio
com707,Schwieters Companies
com708,Prinsco
com709,WEG TRANSFORMERS USA
com710,Bayer
com711,Massage Heights
com712,Montana Tech
com713,HRDC
com714,Southern Glazer's Wine and Spirits
com715,Metro Sales
com716,Liberty Diversified International
com717,BD
com718,Winnebago Tribe of Nebraska
com719,Galvion
com720,Hewlett Packard Enterprise
com721,Etsy
com722,Nomad Health
com723,SalesRoads
com724,University of Oklahoma
com725,CNH Industrial
com726,Signify
com727,Overstock
com728,PacifiCorp
com729,Ecruit
com730,Amazon
com731,Rice Lake
com732,American Family Insurance
com733,Horseshoe Beverage Company LLC
com734,SEEK Careers
com735,Vet Seekers
com736,Mainstay Recruitment Solutions
com737,Marshall Harmony
com738,Thorn Baker Group
com739,University of Hertfordshire
com740,Venatu
com741,GlaxoSmithKline
com742,HR 4 Case Management Limited
com743,AM2PM
com744,CVS Group
com745,DaVita
com746,The Caraires Consultancy
com747,Municipality of Anchorage
com748,DenaliTEK
com749,Valex Corporation
com750,Dry Development and Investment Corporation
com751,Psomas
com752,Parkson Corp.
com753,BioIntelliSense
com754,Coupa Software
com755,CommonSpirit Health
com756,Certus Recruitment
com757,The HR Dept LLC
com758,Kaplan International
com759,State of Louisiana
com760,Revenue Solutions Inc
com761,Tableau Software
com762,Captivation Software
com763,Third Eye Software
com764,Federal Reserve Bank
com765,Cerebral Staffing
com766,Enser Corporation
com767,NV Energy
com768,GreenFoot Technologies
com769,Flow Traders
com770,Visa
com771,LanceSoft
com772,South Dakota Board Of Regents
com773,Service Experts
com774,Dynatron Software
com775,"Century Excavation, Inc"
com776,OnLogic
com777,Change Healthcare
com778,Weifield Group Contracting
com779,Kemp Recruitment
com780,Journey Recruitment
com781,Conrad Consulting
com782,Planet Recruitment
com783,Anglo Technical Recruitment
com784,Marston Holdings
com785,Professional Technical
com786,First Military Recruitment
com787,TRS Consulting
com788,Estio Technology Recruitment
com789,Path Recruitment
com790,Senitor Associates
com791,Pioneer Selection
com792,AVL
com793,London Borough of Hackney
com794,GCS Recruitment Specialists
com795,Recruit12
com796,RGB Network
com797,Verelogic
com798,Cityscape Recruitment
com799,Vinci
com800,Calibre Search
com801,NRL
com802,National Nuclear Laboratory
com803,Navtech Radar
com804,Concept Personnel
com805,MacStaff
com806,Asset Appointments
com807,TribePost
com808,ASL Recruitment
com809,Zotefoams
com810,White Horse Employment
com811,Zitko
com812,Oddshoes Recruitment
com813,CV Screen
com814,Syntech Recruitment
com815,Elysium Healthcare
com816,Somerset County Council
com817,Recruitment Helpline
com818,Wentworth James
com819,ResourceBank Recruitment
com820,Hartland Recruitment
com821,ASC Connections
com822,Dorchester Search & Selection
com823,Wallace Hind
com824,The Candidate
com825,The One Group
com826,Understanding Recruitment
com827,Fuel Recruitment
com828,Aecus Recruitment
com829,Arcus FM
com830,Templeton & Partners
com831,Technical Placements
com832,Aldwych Consulting
com833,VRS Recruitment
com834,Identify Solutions
com835,Core Talent Recruitment
com836,Mitchell Maguire
com837,Just IT Recruitment
com838,Firstsource Solutions
com839,Upskilled Evolution
com840,The Geo Group
com841,Matanuska-Susitna Borough
com842,Merck & Co.
com843,NucleusTeq
com844,eBacon
com845,Cosmic Advanced Engineered Solutions
com846,Jacobs
com847,Synaptech
com848,KBR
com849,Company Six
com850,State of CT Judicial Branch
com851,Pitney Bowes
com852,Onshore Outsourcing
com853,Matrix Resources
com854,Merito Group
com855,Cambridge Investment Research
com856,Destify
com857,Gables Search
com858,Boston Public Health Commission
com859,Museum of Science
com860,Provision People
com861,USDI
com862,Dedicated Logistics
com863,Room & Board
com864,Architecture Technology Corporation
com865,"Riverside Technology, inc."
com866,University of Nebraska-Lincoln
com867,Farm Credit Services of America
com868,Fidelity TalentSource
com869,Lawyer.com
com870,Cornell University
com871,Parsons
com872,New York Independent System Operator
com873,CPS Recruitment
com874,Ball Corporation
com875,State of Oregon
com876,Straub Collaborative
com877,Interfuse Staffing
com878,McNabb Center
com879,Utah Transit Authority
com880,Middlebury College
com881,Great Bay Staffing Group
com882,Willdan
com883,HOK
com884,Locana
com885,"Building Automation Products, Inc. (BAPI)"
com886,Net Recruit
com887,CV Consulting
com888,Pepper Group
com889,Tina Lacey Recruitment
com890,Lewisham Council
com891,Tonbridge and Malling Borough Council
com892,TUI Group
com893,BMC Recruitment
com894,Medway Council
com895,Five Point
com896,University of Southampton
com897,100% IT Recruitment
com898,cmostores.com
com899,Forhyre
com900,"Link Solutions, Inc."
com901,RCM Technologies
com902,Eastridge Workforce Solutions
com903,Caribou Thunder
com904,ENSCO
com905,State of Michigan
com906,Synchrony
com907,TECKpert
com908,Grant Thornton
com909,KBX
com910,Sedgwick County
com911,Georgia-Pacific
com912,AITHERAS
com913,MassMutual
com914,Metropolitan St. Louis Sewer District
com915,American Conservation Experience
com916,Great West Casualty Company
com917,Conagra Brands
com918,ICONMA
com919,PSEG
com920,Société Générale
com921,Bernalillo County
com922,Goodwin Recruiting
com923,First Quality Enterprises
com924,Resideo
com925,Executive Personnel Services
com926,Lumifi Cyber
com927,Eugene Water & Electric Board
com928,Anitian
com929,Mercy Corps
com930,"MSA, The Safety Company"
com931,Select Medical
com932,Core4ce
com933,State of Utah
com934,World Vision USA
com935,Ex-Mil Recruitment
com936,Information Security Solutions
com937,Aspire Technology Solutions
com938,Crimson
com939,Langley James
com940,Nottinghamshire County Council
com941,LT Harper
com942,HCML
com943,East Surrey College
com944,NewFlex
com945,Cybit
com946,ADLIB
com947,Arrow Business Communications
com948,PLACE
com949,State of Alaska
com950,People AK
com951,Auburn University
com952,Orangetheory Fitness
com953,City of Scottsdale
com954,City National Bank
com955,Monarch Casino Resort Spa
com956,Performance Food Group
com957,Discovery IT Group
com958,Douglas County Government (CO)
com959,City of Commerce City
com960,Deloitte
com961,iTech
com962,Bridgeport Public Schools
com963,Connecticut State Community College
com964,Delaware State
com965,Oola HR
com966,Orlando Airports
com967,TSM
com968,BAMM
com969,State of West Virginia
com970,Iowa Cannabis Company
com971,Pro R.E.A. Staffing
com972,Ada County
com973,Work With Your Handz
com974,Avenica
com975,State of Illinois
com976,Volt Information Sciences
com977,Murray State University
com978,City of New Orleans
com979,Howard County Government
com980,McCain Foods
com981,CoBank
com982,On-Board
com983,Gallatin County
com984,University of Arkansas System
com985,CMRG
com986,Avis Rent a Car-Bismarck
com987,Ponca Tribe of Nebraska
com988,Boys & Girls Clubs of America
com989,Cognizant
com990,CASES
com991,Kyndryl
com992,IT Avalon
com993,Marion County
com994,Commonwealth of Pennsylvania
com995,City of Philadelphia
com996,CareNational
com997,Tennessee Board of Regents
com998,Infinity Consulting Solutions
com999,CEI Staffing
com1000,Texas A&M University
com1001,Volunteers of America
com1002,KAHOA
com1003,Wilson & Company
com1004,Jay Peak Resort
com1005,RV One Superstores
com1006,Washington State
com1007,RANDYS Worldwide
com1008,Edge Active Marketing
com1009,Brookdale Senior Living
com1010,Broward County Government
com1011,The Salvation Army
com1012,Laramie County Government
com1013,City of Casper
com1014,Central Wyoming College
com1015,Howards Motor Group
com1016,Jago Consultants
com1017,Arnold Clark
com1018,The Solution Automotive
com1019,The Recruitment Solution
com1020,Pear Recruitment
com1021,Robertson Bell
com1022,Blakemore Recruitment
com1023,Kinovo Group plc
com1024,NC Associates
com1025,Primary Goal
com1026,Copperfield Recruitment
com1027,CPL
com1028,Anne Jagger Recruitment
com1029,ARC (Norwich) Ltd
com1030,Busy Bee Recruitment
com1031,CV Bay
com1032,Jardine Motors Group
com1033,Centrica
com1034,Premier Work Support
com1035,Brent Council
com1036,Barnet Council
com1037,Kingdom Security
com1038,Build Recruitment
com1039,Sheridan Ward Recruitment
com1040,Grafton Group
com1041,G2 Legal
com1042,Wigan Council
com1043,Red Recruit
com1044,Kairos Recruitment Group
com1045,Bagnalls Group of Companies
com1046,AdMore Recruitment
com1047,2i Recruit
com1048,Royal Horticultural Society
com1049,Castelan
com1050,Alliance Consulting
com1051,Cantello Tayler Recruitment
com1052,Newham Council
com1053,Barclay Meade
com1054,London City Bond Ltd
com1055,Morgan Spencer
com1056,Academics
com1057,AA
com1058,Ad Warrior
com1059,Elizabeth Michael Associates
com1060,Harrow Council
com1061,Nuco Solutions
com1062,Sopra Steria
com1063,FitzRoy
com1064,Think Specialist Recruitment
com1065,Watford Community Housing
com1066,In2 Consult
com1067,FPR Group
com1068,Me'tier Search
com1069,The Classroom Partnership
com1070,Harrison Sands
com1071,Better People
com1072,The Regenda Group
com1073,Bucks New University
com1074,Wade Macdonald
com1075,Halecroft Recruitment
com1076,C&M Travel Recruitment
com1077,Barchester Healthcare
com1078,Stirling Ackroyd
com1079,Command Recruitment
com1080,Demob Job
com1081,Reflex Labels
com1082,G4S
com1083,Prodrive Recruitment Consultants
com1084,Calibre Candidates
com1085,SGS
com1086,O'Neill & Brennan
com1087,Big Yellow Self Storage
com1088,Workforce Professional
com1089,Arbury Motor Group
com1090,Stockport Homes Group
com1091,CareerMakers Recruitment
com1092,OneHousing
com1093,Remedy Recruitment Group
com1094,GCP Applied Technologies
com1095,Resource Management Solutions
com1096,John Whitgift Foundation
com1097,Book a Builder UK
com1098,Experis
com1099,VGC Group
com1100,Royal Mail
com1101,Absolute Personnel
com1102,Farr Associates
com1103,AJ Chambers
com1104,Lucy Walker Recruitment
com1105,Fusion Resources
com1106,HALO Trust
com1107,The HALO Trust
com1108,Source BioScience
com1109,Time Recruitment Solutions
com1110,1st Choice Recruitment
com1111,BMW
com1112,Nuffield Health
com1113,Energi People
com1114,Latymer Upper School
com1115,Harris Hill
com1116,Si Recruitment
com1117,EXL Service
com1118,24-7 Intouch
com1119,University of Arizona
com1120,Biodesix
com1121,Ryerson
com1122,Chobani
com1123,Signal of New England
com1124,Unity Technologies Corporation
com1125,LegalMatch
com1126,AbSci
com1127,Mount Sinai Medical Center
com1128,AeroFarms
com1129,EnsoData
com1130,"Royal Holloway, University of London"
com1131,Zetter Recruitment
com1132,Brunel University London
com1133,JMC Legal Recruitment
com1134,Block
com1135,talentweb3
com1136,RampRate
com1137,Square
com1138,Western Union
com1139,University of Florida
com1140,Braintrust
com1141,Covenant Consulting
com1142,Cash App
com1143,Johnson & Johnson
com1144,Bullish Global
com1145,Eliassen Group
com1146,Everyrealm
com1147,Applied Digital
com1148,"Arbitrary Execution, Inc."
com1149,Career Movement
com1150,Fastly
com1151,DRGinvest
com1152,Simplesense
com1153,Directions for Living
com1154,Canyon County
com1155,FactSet
com1156,Hennepin County
com1157,Metropolitan Council
com1158,ELM Companies
com1159,Christensen Farms
com1160,Best-Hire
com1161,Cushman & Wakefield
com1162,Lehr Auto
com1163,Catapult Services LLC
com1164,First Step
com1165,Factal
com1166,Octane Recruitment
com1167,Cooper Lomaz
com1168,Walters People
com1169,Tech21
com1170,Logistics UK
com1171,Southeast Alaska Regional Health Consortium
com1172,Patch My PC
com1173,Ulta Beauty
com1174,Next Path
com1175,Indigo Real Estate
com1176,Chesterman Co. Coca Cola
com1177,Town of Plainfield
com1178,Five Star Senior Living
com1179,MasteryPrep
com1180,Sunrise Senior Living
com1181,Moonrise Hotel
com1182,ClearChoiceMD
com1183,The Common Man Roadside
com1184,Instant Serve LLC
com1185,Henry Schein One
com1186,"6 Degrees Health DX, LLC"
com1187,Innovation Works
com1188,Chesterman Company
com1189,Alternative HR
com1190,Resources for Human Development
com1191,SLANG Worldwide
com1192,Jackson County
com1193,Pitt Ohio
com1194,South Gloucestershire Council
com1195,Amplifon
com1196,Jameson Legal
com1197,North Lanarkshire Council
com1198,WeDo RPO
com1199,TRP Recruitment
com1200,Addison Lee
com1201,People Solutions Group
com1202,GXO Logistics
com1203,XPO Logistics
com1204,Aramark
com1205,React Recruitment
com1206,Co-op
com1207,Ikea
com1208,Mandeville Recruitment Group
com1209,HCPA
com1210,KH Recruitment
com1211,Ramsay Health Care
com1212,Kew Green Hotels
com1213,AO
com1214,Elis
com1215,Tagged Resources
com1216,L'Oréal
com1217,VIVAHR
com1218,Knight Transportation
com1219,ViziSites Inc.
com1220,Superior Court of California County of Los Angeles
com1221,City of Greeley
com1222,Vertafore
com1223,Iterable
com1224,Colorado Community College System (CO)
com1225,St. Lucie County Clerk of the Circuit Court
com1226,State of Georgia
com1227,Idaho State University
com1228,Forsta
com1229,Guidant Financial
com1230,Dream Age Co
com1231,Tulane University
com1232,Group Real Estate
com1233,"Air Express International USA, Inc."
com1234,Backcountry
com1235,State of North Carolina
com1236,Nash County
com1237,New York Blood Center
com1238,Barrington Media Group
com1239,New York State
com1240,PeaceHealth
com1241,Educause
com1242,firstPRO
com1243,Southwestern Pennsylvania Human Services
com1244,Siemens
com1245,Recruiting Solutions
com1246,Pellissippi State Community College
com1247,"Tarrant County, TX"
com1248,Diverse Lynx
com1249,Hire Integrated
com1250,Pop Acta
com1251,Ballotpedia
com1252,The Spartan Group
com1253,Dunelm
com1254,Holt Recruitment
com1255,Attega Group
com1256,Evolution
com1257,Quest Search and Selection
com1258,KIDS
com1259,Aspire People
com1260,Harrytown RC High
com1261,The Mint Dispensary
com1262,YMCA
com1263,iDE
com1264,Management & Training Corporation
com1265,Northwestern Memorial Healthcare
com1266,2U
com1267,Erickson Senior Living
com1268,Pinnacle Services
com1269,Communicare
com1270,North Carolina State University
com1271,Orange & Rockland
com1272,Oklahoma Human Services
com1273,Pediatrics - The Corvallis Clinic Asbury Building
com1274,Marsh McLennan
com1275,Sonepar
com1276,Pilot Company
com1277,Redstone Residential
com1278,Cambia Health Solutions
com1279,King's College London
com1280,Avenues Group
com1281,Andy File Associates
com1282,London Borough of Havering
com1283,London Borough of Hammersmith & Fulham
com1284,TTEC
com1285,Merits
com1286,SambaSafety
com1287,Honeywell
com1288,Mandiant
com1289,Hexaware Technologies
com1290,Carter & Clark
com1291,Cardinal Health
com1292,"Talent Management Plus, Inc."
com1293,Ride Digital
com1294,Kansas State University
com1295,Target
com1296,SherlockTalent
com1297,Institute for Medical Research
com1298,Lowe's
com1299,DefinedTalent
com1300,Collibra
com1301,Company 3
com1302,McKesson
com1303,Portland State University
com1304,Child Care Associates
com1305,BaseCamp Franchising
com1306,Replica Inc.
com1307,ArborXR
com1308,Quiver Quantitative
com1309,Library Systems & Services
com1310,Winterthur Museum
com1311,Qgiv
com1312,Genuent
com1313,The Loop Factor LLC
com1314,University of North Carolina at Charlotte
com1315,First National Bank of Omaha
com1316,Associated Press
com1317,Bright Power
com1318,Stark State College
com1319,Suncap Technology
com1320,Deegit
com1321,TechTA LLC
com1322,Intrado
com1323,TMC Bonham Hospital
com1324,Universal Health Services
com1325,"STATION AUTOMATION, INC"
com1326,The Lean Way Consulting
com1327,Kanopi Studios
com1328,Hire Velocity
com1329,Minnesota City Jobs
com1330,TEN7
com1331,League of Minnesota Cities
com1332,BI Worldwide
com1333,Perrill
com1334,Clark County School District
com1335,Washoe County
com1336,Cover Whale
com1337,Artech Information Systems
com1338,Looking Glass Factory
com1339,Mastercard
com1340,Oklahoma City University
com1341,Prestige Care
com1342,The Learning Lamp
com1343,Kroll Bond Rating Agency
com1344,Built Mighty / Little Rhino
com1345,Clark College
com1346,ServiceMaster Clean
com1347,Boston Tea Party
com1348,John Lewis & Partners
com1349,Mediplacements
com1350,McCarthy Auto Group
com1351,Coconino County
com1352,Phoenix-Mesa Gateway Airport Authority
com1353,California State Controller's Office
com1354,Nexus HR Services
com1355,Kern County
com1356,California State University
com1357,County of San Diego
com1358,Arrow Electronics
com1359,University of Colorado School of Medicine
com1360,"City of Lafayette, Colorado"
com1361,State of Connecticut
com1362,State of Florida
com1363,Broward County
com1364,State of Hawaii
com1365,County of Maui
com1366,College of Southern Idaho
com1367,Lewis Clarke State
com1368,American Bar Association
com1369,Top Dog Recruiting
com1370,Philips Recruiting Services
com1371,International Staffing Consultants
com1372,Apple & Associates
com1373,KOB Solutions
com1374,Emporia Public Schools
com1375,Bainum Family Foundation
com1376,City of Detroit
com1377,Washington County (MN)
com1378,Ramsey County
com1379,Minneapolis Public Schools
com1380,The Metropolitan Council
com1381,O’Fallon
com1382,"University City, MO"
com1383,"TeamLogic IT, Creve Couer, MO"
com1384,First Interstate Bank
com1385,Union County
com1386,Wayne Community College
com1387,Training The Street
com1388,RTI International
com1389,CENCORE ASSOCIATES
com1390,City of Lincoln
com1391,Snapology
com1392,IPG Health
com1393,New Jersey Courts
com1394,Union County College
com1395,Bath & Body Works
com1396,City of Columbus
com1397,BOK Financial
com1398,Eastern Carver County Schools
com1399,LS Networks
com1400,Mid-Columbia Medical Center
com1401,Oregon Health & Science University
com1402,Charleston County School District
com1403,Morris Inc
com1404,City of Rapid City
com1405,Symicor Group
com1406,JCC Association of North America
com1407,City of Waco
com1408,Fort Bend County
com1409,City of Dallas
com1410,University of Texas at Austin
com1411,Mountainland Technical College
com1412,TalentBurst
com1413,Allied Universal
com1414,Virginia Economic Development Partnership
com1415,Fairfax County
com1416,Yakama Nation
com1417,Olympic College
com1418,Milliman
com1419,Value Added Distributors
com1420,The Recruitment Crowd
com1421,Supply Desk
com1422,Revorec Recruitment Solutions
com1423,Cumbria County Council
com1424,O2
com1425,Wayman Education
com1426,Santander
com1427,Frasers Group
com1428,Clarus Education
com1429,United Learning
com1430,Amber Employment Services
com1431,Aegon
com1432,Mears Group
com1433,A1 Jobs
com1434,Kïdo
com1435,Appoint Group
com1436,Boots
com1437,Edustaff
com1438,GMP Recruitment
com1439,​Clear Automotive
com1440,Keywords Studios
com1441,Specsavers
com1442,Bionic Services Ltd
com1443,END.
com1444,END
com1445,Surrey Choices
com1446,Hindley Green Community Primary
com1447,TLTP Education
com1448,DPD
com1449,Shaw Trust
com1450,Clemence Rogers Recruitment
com1451,Wesleyan
com1452,Pareto FM
com1453,Community Health and Eyecare
com1454,Purpletribe
com1455,Clark Wood
com1456,JVP Group
com1457,Pepper (UK) Limited
com1458,B&Q
com1459,HomeServe
com1460,Hampshire County Council
com1461,Nacro
com1462,Charisma Recruitment
com1463,Master of Malt
com1464,Auto Skills UK
com1465,Makehappen
com1466,Dimensions
com1467,One Way Resourcing
com1468,OneWay
com1469,Pontem Recruitment
com1470,Morgan Philips
com1471,Science Museum
com1472,Allied Milling and Baking Group
com1473,OneSavings Bank
com1474,Sports Direct
com1475,Dovetail & Slate
com1476,Bristow Holland
com1477,Methods Business and Digital Technology
com1478,Home Instead Senior Care
com1479,Network Open
com1480,SoundHR
com1481,Capita PIP
com1482,Radius Payment Solutions
com1483,Humberside Police
com1484,North Lincolnshire Council
com1485,Cranmer Education Trust
com1486,CCFE
com1487,Delaware North
com1488,Knighted Ventures
com1489,Betsson Group
com1490,Strive Colorado
com1491,Ascend Staffing
com1492,Evolution Gaming
com1493,Pentasia
com1494,The Service Companies
com1495,Perpetual
com1496,Knighted Gaming
com1497,Boyd Gaming
com1498,Affinity Gaming
com1499,City of Post Falls
com1500,Qualfon
com1501,Centers
com1502,CLX Gaming
com1503,Breakout Operations LLC
com1504,Activate Games
com1505,Churchill Downs
com1506,Live! Casino Hotel
com1507,Rutter's
com1508,Running Aces
com1509,Town Pump
com1510,North Carolina Education Lottery
com1511,The Cosmopolitan of Las Vegas
com1512,Tatum
com1513,Miami Valley Gaming
com1514,Alpha & Omega Semiconductor
com1515,Valley Forge Casino Resort
com1516,"TBNR,LLC"
com1517,Code Ninjas
com1518,Virginia Government
com1519,Colonial Downs
com1520,Archinect
com1521,Muckleshoot Casino
com1522,Mattel
com1523,System Recruitment
com1524,Forward Role
com1525,Rank Group
com1526,Mecca Bingo
com1527,Bluestorm Recruitment
com1528,Roadchef
com1529,Signal 88 Security
com1530,Sunstates Security
com1531,Marksman Security Corporation
com1532,Yuma County
com1533,Xanterra
com1534,Stratagem Group
com1535,SEAKR Engineering
com1536,Checkr
com1537,USADA
com1538,Titan Security Group
com1539,"Solution Staffing, Inc"
com1540,Nakupuna Companies
com1541,Paul May & Associates
com1542,Guardian Security Services
com1543,DK Security
com1544,Hertz
com1545,HubSpot
com1546,Inter-Con Security
com1547,Signal88 Security of Delaware and Baltimore
com1548,"Nationwide IT Services, Inc"
com1549,TD Securities
com1550,Minnesota Historical Society
com1551,VMD Corp
com1552,First Call Computer Solutions
com1553,City of Fargo
com1554,Johnson Controls
com1555,Catholic Charities of Southern Nevada
com1556,United Service Companies
com1557,Klamath County
com1558,Dick Hannah Ford
com1559,A Services Group
com1560,Cox Manufacturing
com1561,"Integrated Security Technologies, Inc."
com1562,Thrivent
com1563,Mass Consultants
com1564,Stealth IT Recruitment
com1565,Hiring People
com1566,Merlin Entertainments
com1567,Strive Recruitment
com1568,Search Consultancy
com1569,Your Prime Recruitment
com1570,Birtwistles Food Group
com1571,Selwood Housing
com1572,IBP Recruitment
com1573,Babcock
com1574,The ExcluSec Group Ltd
com1575,ExcluSec Group
